{"cameraMode":{"drawMode":0,"name":"Shaded","section":"Shading Mode"},"sceneLighting":true,"audioPlay":false,"sceneViewState":{"m_AlwaysRefresh":false,"showFog":true,"showSkybox":true,"showFlares":true,"showImageEffects":true,"showParticleSystems":true,"showVisualEffectGraphs":true,"m_FxEnabled":true},"in2DMode":false,"pivot":{"x":0.2790772020816803,"y":2.0077688694000246,"z":0.028203925117850305},"rotation":{"x":-0.034800175577402118,"y":0.012340798042714596,"z":-0.00017116653907578439,"w":-0.9992139935493469},"size":0.14776970446109773,"orthographic":false}